Workbook

Sheet Schedule
F1: Week 8 | M1: Week 9 | T1: Spring Break | AA1: Week 10 | AH1: Week 11 | AO1: Week 12 | AV1: Week 13
F2: =VLOOKUP(WEEKDAY(F3,2),Misc!$A$2:$B$8,2,FALSE) -> M | G2: =VLOOKUP(WEEKDAY(G3,2),Misc!$A$2:$B$8,2,FALSE) -> T | H2: =VLOOKUP(WEEKDAY(H3,2),Misc!$A$2:$B$8,2,FALSE) -> W | I2: =VLOOKUP(WEEKDAY(I3,2),Misc!$A$2:$B$8,2,FALSE) -> Th | J2: =VLOOKUP(WEEKDAY(J3,2),Misc!$A$2:$B$8,2,FALSE) -> F | K2: =VLOOKUP(WEEKDAY(K3,2),Misc!$A$2:$B$8,2,FALSE) -> Sat | L2: =VLOOKUP(WEEKDAY(L3,2),Misc!$A$2:$B$8,2,FALSE) -> Sun | M2: =VLOOKUP(WEEKDAY(M3,2),Misc!$A$2:$B$8,2,FALSE) -> M | ... BB2: =VLOOKUP(WEEKDAY(BB3,2),Misc!$A$2:$B$8,2,FALSE) -> Sun
A3: Item | B3: Description | C3: Role | D3: Start | E3: End | F3: 46083 | G3: =DATE(YEAR(F3+1),MONTH(F3+1),DAY(F3+1)) -> 46084 | H3: =DATE(YEAR(G3+1),MONTH(G3+1),DAY(G3+1)) -> 46085 | I3: =DATE(YEAR(H3+1),MONTH(H3+1),DAY(H3+1)) -> 46086 | J3: =DATE(YEAR(I3+1),MONTH(I3+1),DAY(I3+1)) -> 46087 | K3: =DATE(YEAR(J3+1),MONTH(J3+1),DAY(J3+1)) -> 46088 | L3: =DATE(YEAR(K3+1),MONTH(K3+1),DAY(K3+1)) -> 46089 | M3: =DATE(YEAR(L3+1),MONTH(L3+1),DAY(L3+1)) -> 46090 | N3: =DATE(YEAR(M3+1),MONTH(M3+1),DAY(M3+1)) -> 46091 | ... BB3: =DATE(YEAR(BA3+1),MONTH(BA3+1),DAY(BA3+1)) -> 46131
A4: 1 | B4: Group Intro and Brainstorming Meeting (Week 8) | C4: Group | D4: 46087 | E4: 46087 | F4: =IF(AND(F$3>=$D4,F$3<=$E4),".","") | G4: =IF(AND(G$3>=$D4,G$3<=$E4),".","") | H4: =IF(AND(H$3>=$D4,H$3<=$E4),".","") | I4: =IF(AND(I$3>=$D4,I$3<=$E4),".","") | J4: =IF(AND(J$3>=$D4,J$3<=$E4),".","") -> . | K4: =IF(AND(K$3>=$D4,K$3<=$E4),".","") | L4: =IF(AND(L$3>=$D4,L$3<=$E4),".","") | M4: =IF(AND(M$3>=$D4,M$3<=$E4),".","") | ... BB4: =IF(AND(BB$3>=$D4,BB$3<=$E4),".","")
A6: =INT(A4+1) -> 2 | B6: Database Setup | C6: DB | D6: 46092 | E6: 46094 | F6: =IF(AND(F$3>=$D6,F$3<=$E6),".","") | G6: =IF(AND(G$3>=$D6,G$3<=$E6),".","") | H6: =IF(AND(H$3>=$D6,H$3<=$E6),".","") | I6: =IF(AND(I$3>=$D6,I$3<=$E6),".","") | J6: =IF(AND(J$3>=$D6,J$3<=$E6),".","") | K6: =IF(AND(K$3>=$D6,K$3<=$E6),".","") | L6: =IF(AND(L$3>=$D6,L$3<=$E6),".","") | M6: =IF(AND(M$3>=$D6,M$3<=$E6),".","") | ... BB6: =IF(AND(BB$3>=$D6,BB$3<=$E6),".","")
A8: =INT(A6+1) -> 3 | B8: Feasibility Report | C8: PM | D8: 46092 | E8: 46094 | F8: =IF(AND(F$3>=$D8,F$3<=$E8),".","") | G8: =IF(AND(G$3>=$D8,G$3<=$E8),".","") | H8: =IF(AND(H$3>=$D8,H$3<=$E8),".","") | I8: =IF(AND(I$3>=$D8,I$3<=$E8),".","") | J8: =IF(AND(J$3>=$D8,J$3<=$E8),".","") | K8: =IF(AND(K$3>=$D8,K$3<=$E8),".","") | L8: =IF(AND(L$3>=$D8,L$3<=$E8),".","") | M8: =IF(AND(M$3>=$D8,M$3<=$E8),".","") | ... BB8: =IF(AND(BB$3>=$D8,BB$3<=$E8),".","")
A10: =INT(A8+1) -> 4 | B10: DB Lab Check-In | C10: DB | D10: 46094 | E10: 46094 | F10: =IF(AND(F$3>=$D10,F$3<=$E10),".","") | G10: =IF(AND(G$3>=$D10,G$3<=$E10),".","") | H10: =IF(AND(H$3>=$D10,H$3<=$E10),".","") | I10: =IF(AND(I$3>=$D10,I$3<=$E10),".","") | J10: =IF(AND(J$3>=$D10,J$3<=$E10),".","") | K10: =IF(AND(K$3>=$D10,K$3<=$E10),".","") | L10: =IF(AND(L$3>=$D10,L$3<=$E10),".","") | M10: =IF(AND(M$3>=$D10,M$3<=$E10),".","") | ... BB10: =IF(AND(BB$3>=$D10,BB$3<=$E10),".","")
A12: =INT(A10+1) -> 5 | B12: Group Meeting (Week 9) | C12: Group | D12: 46094 | E12: 46094 | F12: =IF(AND(F$3>=$D12,F$3<=$E12),".","") | G12: =IF(AND(G$3>=$D12,G$3<=$E12),".","") | H12: =IF(AND(H$3>=$D12,H$3<=$E12),".","") | I12: =IF(AND(I$3>=$D12,I$3<=$E12),".","") | J12: =IF(AND(J$3>=$D12,J$3<=$E12),".","") | K12: =IF(AND(K$3>=$D12,K$3<=$E12),".","") | L12: =IF(AND(L$3>=$D12,L$3<=$E12),".","") | M12: =IF(AND(M$3>=$D12,M$3<=$E12),".","") | ... BB12: =IF(AND(BB$3>=$D12,BB$3<=$E12),".","")
A14: =INT(A12+1) -> 6 | B14: Feasibility Report (SUBMITTAL DEADLINE) | C14: Group | D14: 46096 | E14: 46096 | F14: =IF(AND(F$3>=$D14,F$3<=$E14),".","") | G14: =IF(AND(G$3>=$D14,G$3<=$E14),".","") | H14: =IF(AND(H$3>=$D14,H$3<=$E14),".","") | I14: =IF(AND(I$3>=$D14,I$3<=$E14),".","") | J14: =IF(AND(J$3>=$D14,J$3<=$E14),".","") | K14: =IF(AND(K$3>=$D14,K$3<=$E14),".","") | L14: =IF(AND(L$3>=$D14,L$3<=$E14),".","") | M14: =IF(AND(M$3>=$D14,M$3<=$E14),".","") | ... BB14: =IF(AND(BB$3>=$D14,BB$3<=$E14),".","")
A16: =INT(A14+1) -> 7 | B16: Spring Break | C16: Group | D16: 46097 | E16: 46103 | F16: =IF(AND(F$3>=$D16,F$3<=$E16),".","") | G16: =IF(AND(G$3>=$D16,G$3<=$E16),".","") | H16: =IF(AND(H$3>=$D16,H$3<=$E16),".","") | I16: =IF(AND(I$3>=$D16,I$3<=$E16),".","") | J16: =IF(AND(J$3>=$D16,J$3<=$E16),".","") | K16: =IF(AND(K$3>=$D16,K$3<=$E16),".","") | L16: =IF(AND(L$3>=$D16,L$3<=$E16),".","") | M16: =IF(AND(M$3>=$D16,M$3<=$E16),".","") | ... BB16: =IF(AND(BB$3>=$D16,BB$3<=$E16),".","")
A18: =INT(A16+1) -> 8 | B18: API and Front-End Setup | C18: API / FE | D18: 46104 | E18: 46108 | F18: =IF(AND(F$3>=$D18,F$3<=$E18),".","") | G18: =IF(AND(G$3>=$D18,G$3<=$E18),".","") | H18: =IF(AND(H$3>=$D18,H$3<=$E18),".","") | I18: =IF(AND(I$3>=$D18,I$3<=$E18),".","") | J18: =IF(AND(J$3>=$D18,J$3<=$E18),".","") | K18: =IF(AND(K$3>=$D18,K$3<=$E18),".","") | L18: =IF(AND(L$3>=$D18,L$3<=$E18),".","") | M18: =IF(AND(M$3>=$D18,M$3<=$E18),".","") | ... BB18: =IF(AND(BB$3>=$D18,BB$3<=$E18),".","")
A20: =INT(A18+1) -> 9 | B20: Group Internal Check-In (Phone Call) | C20: Group | D20: 46105 | E20: 46105 | F20: =IF(AND(F$3>=$D20,F$3<=$E20),".","") | G20: =IF(AND(G$3>=$D20,G$3<=$E20),".","") | H20: =IF(AND(H$3>=$D20,H$3<=$E20),".","") | I20: =IF(AND(I$3>=$D20,I$3<=$E20),".","") | J20: =IF(AND(J$3>=$D20,J$3<=$E20),".","") | K20: =IF(AND(K$3>=$D20,K$3<=$E20),".","") | L20: =IF(AND(L$3>=$D20,L$3<=$E20),".","") | M20: =IF(AND(M$3>=$D20,M$3<=$E20),".","") | ... BB20: =IF(AND(BB$3>=$D20,BB$3<=$E20),".","")
A22: =INT(A20+1) -> 10 | B22: Professor's In-Class Check-In | C22: Group | D22: 46108 | E22: 46108 | F22: =IF(AND(F$3>=$D22,F$3<=$E22),".","") | G22: =IF(AND(G$3>=$D22,G$3<=$E22),".","") | H22: =IF(AND(H$3>=$D22,H$3<=$E22),".","") | I22: =IF(AND(I$3>=$D22,I$3<=$E22),".","") | J22: =IF(AND(J$3>=$D22,J$3<=$E22),".","") | K22: =IF(AND(K$3>=$D22,K$3<=$E22),".","") | L22: =IF(AND(L$3>=$D22,L$3<=$E22),".","") | M22: =IF(AND(M$3>=$D22,M$3<=$E22),".","") | ... BB22: =IF(AND(BB$3>=$D22,BB$3<=$E22),".","")
A24: =INT(A22+1) -> 11 | B24: API and Front-End Lab Check-In | C24: API / FE | D24: 46108 | E24: 46108 | F24: =IF(AND(F$3>=$D24,F$3<=$E24),".","") | G24: =IF(AND(G$3>=$D24,G$3<=$E24),".","") | H24: =IF(AND(H$3>=$D24,H$3<=$E24),".","") | I24: =IF(AND(I$3>=$D24,I$3<=$E24),".","") | J24: =IF(AND(J$3>=$D24,J$3<=$E24),".","") | K24: =IF(AND(K$3>=$D24,K$3<=$E24),".","") | L24: =IF(AND(L$3>=$D24,L$3<=$E24),".","") | M24: =IF(AND(M$3>=$D24,M$3<=$E24),".","") | ... BB24: =IF(AND(BB$3>=$D24,BB$3<=$E24),".","")
A26: =INT(A24+1) -> 12 | B26: Group Meeting (Week 11) | C26: Group | D26: 46108 | E26: 46108 | F26: =IF(AND(F$3>=$D26,F$3<=$E26),".","") | G26: =IF(AND(G$3>=$D26,G$3<=$E26),".","") | H26: =IF(AND(H$3>=$D26,H$3<=$E26),".","") | I26: =IF(AND(I$3>=$D26,I$3<=$E26),".","") | J26: =IF(AND(J$3>=$D26,J$3<=$E26),".","") | K26: =IF(AND(K$3>=$D26,K$3<=$E26),".","") | L26: =IF(AND(L$3>=$D26,L$3<=$E26),".","") | M26: =IF(AND(M$3>=$D26,M$3<=$E26),".","") | ... BB26: =IF(AND(BB$3>=$D26,BB$3<=$E26),".","")
A28: =INT(A26+1) -> 13 | B28: 95% Web App Development (API and Front-End) | C28: API / FE | D28: 46109 | E28: 46115 | F28: =IF(AND(F$3>=$D28,F$3<=$E28),".","") | G28: =IF(AND(G$3>=$D28,G$3<=$E28),".","") | H28: =IF(AND(H$3>=$D28,H$3<=$E28),".","") | I28: =IF(AND(I$3>=$D28,I$3<=$E28),".","") | J28: =IF(AND(J$3>=$D28,J$3<=$E28),".","") | K28: =IF(AND(K$3>=$D28,K$3<=$E28),".","") | L28: =IF(AND(L$3>=$D28,L$3<=$E28),".","") | M28: =IF(AND(M$3>=$D28,M$3<=$E28),".","") | ... BB28: =IF(AND(BB$3>=$D28,BB$3<=$E28),".","")
... A74: =INT(A72+1) -> 36 | B74: Group Adjourn | C74: Group | D74: 46129 | E74: 46129 | F74: =IF(AND(F$3>=$D74,F$3<=$E74),".","") | G74: =IF(AND(G$3>=$D74,G$3<=$E74),".","") | H74: =IF(AND(H$3>=$D74,H$3<=$E74),".","") | I74: =IF(AND(I$3>=$D74,I$3<=$E74),".","") | J74: =IF(AND(J$3>=$D74,J$3<=$E74),".","") | K74: =IF(AND(K$3>=$D74,K$3<=$E74),".","") | L74: =IF(AND(L$3>=$D74,L$3<=$E74),".","") | M74: =IF(AND(M$3>=$D74,M$3<=$E74),".","") | ... BB74: =IF(AND(BB$3>=$D74,BB$3<=$E74),".","")

Sheet Misc
A1: No. | B1: Day
A2: 1 | B2: M
A3: =INT(A2+1) -> 2 | B3: T
A4: =INT(A3+1) -> 3 | B4: W
A5: =INT(A4+1) -> 4 | B5: Th
A6: =INT(A5+1) -> 5 | B6: F
A7: =INT(A6+1) -> 6 | B7: Sat
A8: =INT(A7+1) -> 7 | B8: Sun

Sheet PRINT 1
F1: Week 8 | M1: Week 9 | T1: Spring Break
F2: =VLOOKUP(WEEKDAY(F3,2),Misc!$A$2:$B$8,2,FALSE) -> M | G2: =VLOOKUP(WEEKDAY(G3,2),Misc!$A$2:$B$8,2,FALSE) -> T | H2: =VLOOKUP(WEEKDAY(H3,2),Misc!$A$2:$B$8,2,FALSE) -> W | I2: =VLOOKUP(WEEKDAY(I3,2),Misc!$A$2:$B$8,2,FALSE) -> Th | J2: =VLOOKUP(WEEKDAY(J3,2),Misc!$A$2:$B$8,2,FALSE) -> F | K2: =VLOOKUP(WEEKDAY(K3,2),Misc!$A$2:$B$8,2,FALSE) -> Sat | L2: =VLOOKUP(WEEKDAY(L3,2),Misc!$A$2:$B$8,2,FALSE) -> Sun | M2: =VLOOKUP(WEEKDAY(M3,2),Misc!$A$2:$B$8,2,FALSE) -> M | ... Z2: =VLOOKUP(WEEKDAY(Z3,2),Misc!$A$2:$B$8,2,FALSE) -> Sun
A3: Item | B3: Description | C3: Role | D3: Start | E3: End | F3: 46083 | G3: =DATE(YEAR(F3+1),MONTH(F3+1),DAY(F3+1)) -> 46084 | H3: =DATE(YEAR(G3+1),MONTH(G3+1),DAY(G3+1)) -> 46085 | I3: =DATE(YEAR(H3+1),MONTH(H3+1),DAY(H3+1)) -> 46086 | J3: =DATE(YEAR(I3+1),MONTH(I3+1),DAY(I3+1)) -> 46087 | K3: =DATE(YEAR(J3+1),MONTH(J3+1),DAY(J3+1)) -> 46088 | L3: =DATE(YEAR(K3+1),MONTH(K3+1),DAY(K3+1)) -> 46089 | M3: =DATE(YEAR(L3+1),MONTH(L3+1),DAY(L3+1)) -> 46090 | N3: =DATE(YEAR(M3+1),MONTH(M3+1),DAY(M3+1)) -> 46091 | ... Z3: =DATE(YEAR(Y3+1),MONTH(Y3+1),DAY(Y3+1)) -> 46103
A4: 1 | B4: Group Intro and Brainstorming Meeting (Week 8) | C4: Group | D4: 46087 | E4: 46087 | F4: =IF(AND(F$3>=$D4,F$3<=$E4),".","") | G4: =IF(AND(G$3>=$D4,G$3<=$E4),".","") | H4: =IF(AND(H$3>=$D4,H$3<=$E4),".","") | I4: =IF(AND(I$3>=$D4,I$3<=$E4),".","") | J4: =IF(AND(J$3>=$D4,J$3<=$E4),".","") -> . | K4: =IF(AND(K$3>=$D4,K$3<=$E4),".","") | L4: =IF(AND(L$3>=$D4,L$3<=$E4),".","") | M4: =IF(AND(M$3>=$D4,M$3<=$E4),".","") | ... Z4: =IF(AND(Z$3>=$D4,Z$3<=$E4),".","")
A6: =INT(A4+1) -> 2 | B6: Database Setup | C6: DB | D6: 46092 | E6: 46094 | F6: =IF(AND(F$3>=$D6,F$3<=$E6),".","") | G6: =IF(AND(G$3>=$D6,G$3<=$E6),".","") | H6: =IF(AND(H$3>=$D6,H$3<=$E6),".","") | I6: =IF(AND(I$3>=$D6,I$3<=$E6),".","") | J6: =IF(AND(J$3>=$D6,J$3<=$E6),".","") | K6: =IF(AND(K$3>=$D6,K$3<=$E6),".","") | L6: =IF(AND(L$3>=$D6,L$3<=$E6),".","") | M6: =IF(AND(M$3>=$D6,M$3<=$E6),".","") | ... Z6: =IF(AND(Z$3>=$D6,Z$3<=$E6),".","")
A8: =INT(A6+1) -> 3 | B8: Feasibility Report | C8: PM | D8: 46092 | E8: 46094 | F8: =IF(AND(F$3>=$D8,F$3<=$E8),".","") | G8: =IF(AND(G$3>=$D8,G$3<=$E8),".","") | H8: =IF(AND(H$3>=$D8,H$3<=$E8),".","") | I8: =IF(AND(I$3>=$D8,I$3<=$E8),".","") | J8: =IF(AND(J$3>=$D8,J$3<=$E8),".","") | K8: =IF(AND(K$3>=$D8,K$3<=$E8),".","") | L8: =IF(AND(L$3>=$D8,L$3<=$E8),".","") | M8: =IF(AND(M$3>=$D8,M$3<=$E8),".","") | ... Z8: =IF(AND(Z$3>=$D8,Z$3<=$E8),".","")
A10: =INT(A8+1) -> 4 | B10: DB Lab Check-In | C10: DB | D10: 46094 | E10: 46094 | F10: =IF(AND(F$3>=$D10,F$3<=$E10),".","") | G10: =IF(AND(G$3>=$D10,G$3<=$E10),".","") | H10: =IF(AND(H$3>=$D10,H$3<=$E10),".","") | I10: =IF(AND(I$3>=$D10,I$3<=$E10),".","") | J10: =IF(AND(J$3>=$D10,J$3<=$E10),".","") | K10: =IF(AND(K$3>=$D10,K$3<=$E10),".","") | L10: =IF(AND(L$3>=$D10,L$3<=$E10),".","") | M10: =IF(AND(M$3>=$D10,M$3<=$E10),".","") | ... Z10: =IF(AND(Z$3>=$D10,Z$3<=$E10),".","")
A12: =INT(A10+1) -> 5 | B12: Group Meeting (Week 9) | C12: Group | D12: 46094 | E12: 46094 | F12: =IF(AND(F$3>=$D12,F$3<=$E12),".","") | G12: =IF(AND(G$3>=$D12,G$3<=$E12),".","") | H12: =IF(AND(H$3>=$D12,H$3<=$E12),".","") | I12: =IF(AND(I$3>=$D12,I$3<=$E12),".","") | J12: =IF(AND(J$3>=$D12,J$3<=$E12),".","") | K12: =IF(AND(K$3>=$D12,K$3<=$E12),".","") | L12: =IF(AND(L$3>=$D12,L$3<=$E12),".","") | M12: =IF(AND(M$3>=$D12,M$3<=$E12),".","") | ... Z12: =IF(AND(Z$3>=$D12,Z$3<=$E12),".","")
A14: =INT(A12+1) -> 6 | B14: Feasibility Report (SUBMITTAL DEADLINE) | C14: Group | D14: 46096 | E14: 46096 | F14: =IF(AND(F$3>=$D14,F$3<=$E14),".","") | G14: =IF(AND(G$3>=$D14,G$3<=$E14),".","") | H14: =IF(AND(H$3>=$D14,H$3<=$E14),".","") | I14: =IF(AND(I$3>=$D14,I$3<=$E14),".","") | J14: =IF(AND(J$3>=$D14,J$3<=$E14),".","") | K14: =IF(AND(K$3>=$D14,K$3<=$E14),".","") | L14: =IF(AND(L$3>=$D14,L$3<=$E14),".","") | M14: =IF(AND(M$3>=$D14,M$3<=$E14),".","") | ... Z14: =IF(AND(Z$3>=$D14,Z$3<=$E14),".","")
A16: =INT(A14+1) -> 7 | B16: Spring Break | C16: Group | D16: 46097 | E16: 46103 | F16: =IF(AND(F$3>=$D16,F$3<=$E16),".","") | G16: =IF(AND(G$3>=$D16,G$3<=$E16),".","") | H16: =IF(AND(H$3>=$D16,H$3<=$E16),".","") | I16: =IF(AND(I$3>=$D16,I$3<=$E16),".","") | J16: =IF(AND(J$3>=$D16,J$3<=$E16),".","") | K16: =IF(AND(K$3>=$D16,K$3<=$E16),".","") | L16: =IF(AND(L$3>=$D16,L$3<=$E16),".","") | M16: =IF(AND(M$3>=$D16,M$3<=$E16),".","") | ... Z16: =IF(AND(Z$3>=$D16,Z$3<=$E16),".","") -> .
A18: =INT(A16+1) -> 8 | B18: API and Front-End Setup | C18: API / FE | D18: 46104 | E18: 46108 | F18: =IF(AND(F$3>=$D18,F$3<=$E18),".","") | G18: =IF(AND(G$3>=$D18,G$3<=$E18),".","") | H18: =IF(AND(H$3>=$D18,H$3<=$E18),".","") | I18: =IF(AND(I$3>=$D18,I$3<=$E18),".","") | J18: =IF(AND(J$3>=$D18,J$3<=$E18),".","") | K18: =IF(AND(K$3>=$D18,K$3<=$E18),".","") | L18: =IF(AND(L$3>=$D18,L$3<=$E18),".","") | M18: =IF(AND(M$3>=$D18,M$3<=$E18),".","") | ... Z18: =IF(AND(Z$3>=$D18,Z$3<=$E18),".","")
A20: =INT(A18+1) -> 9 | B20: Group Internal Check-In (Phone Call) | C20: Group | D20: 46105 | E20: 46105 | F20: =IF(AND(F$3>=$D20,F$3<=$E20),".","") | G20: =IF(AND(G$3>=$D20,G$3<=$E20),".","") | H20: =IF(AND(H$3>=$D20,H$3<=$E20),".","") | I20: =IF(AND(I$3>=$D20,I$3<=$E20),".","") | J20: =IF(AND(J$3>=$D20,J$3<=$E20),".","") | K20: =IF(AND(K$3>=$D20,K$3<=$E20),".","") | L20: =IF(AND(L$3>=$D20,L$3<=$E20),".","") | M20: =IF(AND(M$3>=$D20,M$3<=$E20),".","") | ... Z20: =IF(AND(Z$3>=$D20,Z$3<=$E20),".","")
A22: =INT(A20+1) -> 10 | B22: Professor's In-Class Check-In | C22: Group | D22: 46108 | E22: 46108 | F22: =IF(AND(F$3>=$D22,F$3<=$E22),".","") | G22: =IF(AND(G$3>=$D22,G$3<=$E22),".","") | H22: =IF(AND(H$3>=$D22,H$3<=$E22),".","") | I22: =IF(AND(I$3>=$D22,I$3<=$E22),".","") | J22: =IF(AND(J$3>=$D22,J$3<=$E22),".","") | K22: =IF(AND(K$3>=$D22,K$3<=$E22),".","") | L22: =IF(AND(L$3>=$D22,L$3<=$E22),".","") | M22: =IF(AND(M$3>=$D22,M$3<=$E22),".","") | ... Z22: =IF(AND(Z$3>=$D22,Z$3<=$E22),".","")
A24: =INT(A22+1) -> 11 | B24: API and Front-End Lab Check-In | C24: API / FE | D24: 46108 | E24: 46108 | F24: =IF(AND(F$3>=$D24,F$3<=$E24),".","") | G24: =IF(AND(G$3>=$D24,G$3<=$E24),".","") | H24: =IF(AND(H$3>=$D24,H$3<=$E24),".","") | I24: =IF(AND(I$3>=$D24,I$3<=$E24),".","") | J24: =IF(AND(J$3>=$D24,J$3<=$E24),".","") | K24: =IF(AND(K$3>=$D24,K$3<=$E24),".","") | L24: =IF(AND(L$3>=$D24,L$3<=$E24),".","") | M24: =IF(AND(M$3>=$D24,M$3<=$E24),".","") | ... Z24: =IF(AND(Z$3>=$D24,Z$3<=$E24),".","")
A26: =INT(A24+1) -> 12 | B26: Group Meeting (Week 11) | C26: Group | D26: 46108 | E26: 46108 | F26: =IF(AND(F$3>=$D26,F$3<=$E26),".","") | G26: =IF(AND(G$3>=$D26,G$3<=$E26),".","") | H26: =IF(AND(H$3>=$D26,H$3<=$E26),".","") | I26: =IF(AND(I$3>=$D26,I$3<=$E26),".","") | J26: =IF(AND(J$3>=$D26,J$3<=$E26),".","") | K26: =IF(AND(K$3>=$D26,K$3<=$E26),".","") | L26: =IF(AND(L$3>=$D26,L$3<=$E26),".","") | M26: =IF(AND(M$3>=$D26,M$3<=$E26),".","") | ... Z26: =IF(AND(Z$3>=$D26,Z$3<=$E26),".","")
A28: =INT(A26+1) -> 13 | B28: 95% Web App Development (API and Front-End) | C28: API / FE | D28: 46109 | E28: 46115 | F28: =IF(AND(F$3>=$D28,F$3<=$E28),".","") | G28: =IF(AND(G$3>=$D28,G$3<=$E28),".","") | H28: =IF(AND(H$3>=$D28,H$3<=$E28),".","") | I28: =IF(AND(I$3>=$D28,I$3<=$E28),".","") | J28: =IF(AND(J$3>=$D28,J$3<=$E28),".","") | K28: =IF(AND(K$3>=$D28,K$3<=$E28),".","") | L28: =IF(AND(L$3>=$D28,L$3<=$E28),".","") | M28: =IF(AND(M$3>=$D28,M$3<=$E28),".","") | ... Z28: =IF(AND(Z$3>=$D28,Z$3<=$E28),".","")
... A74: =INT(A72+1) -> 36 | B74: Group Adjourn | C74: Group | D74: 46129 | E74: 46129 | F74: =IF(AND(F$3>=$D74,F$3<=$E74),".","") | G74: =IF(AND(G$3>=$D74,G$3<=$E74),".","") | H74: =IF(AND(H$3>=$D74,H$3<=$E74),".","") | I74: =IF(AND(I$3>=$D74,I$3<=$E74),".","") | J74: =IF(AND(J$3>=$D74,J$3<=$E74),".","") | K74: =IF(AND(K$3>=$D74,K$3<=$E74),".","") | L74: =IF(AND(L$3>=$D74,L$3<=$E74),".","") | M74: =IF(AND(M$3>=$D74,M$3<=$E74),".","") | ... Z74: =IF(AND(Z$3>=$D74,Z$3<=$E74),".","")

Sheet PRINT 2
F1: Week 10 | M1: Week 11 | T1: Week 12 | AA1: Week 13
F2: M | G2: T | H2: W | I2: Th | J2: F | K2: Sat | L2: Sun | M2: M | N2: T | O2: W | P2: Th | Q2: F | R2: Sat | S2: Sun | T2: M | U2: T | V2: W | W2: Th | X2: F | Y2: Sat | Z2: Sun | AA2: M | AB2: T | AC2: W | AD2: Th | AE2: F | AF2: Sat | AG2: Sun
A3: Item | B3: Description | C3: Role | D3: Start | E3: End | F3: 46104 | G3: 46105 | H3: 46106 | I3: 46107 | J3: 46108 | K3: 46109 | L3: 46110 | M3: 46111 | N3: 46112 | O3: 46113 | P3: 46114 | Q3: 46115 | R3: 46116 | S3: 46117 | T3: 46118 | U3: 46119 | V3: 46120 | W3: 46121 | X3: 46122 | Y3: 46123 | Z3: 46124 | AA3: 46125 | AB3: 46126 | AC3: 46127 | AD3: 46128 | AE3: 46129 | AF3: 46130 | AG3: 46131
A4: 1 | B4: Group Intro and Brainstorming Meeting (Week 8) | C4: Group | D4: 46087 | E4: 46087
A6: 2 | B6: Database Setup | C6: DB | D6: 46092 | E6: 46094
A8: 3 | B8: Feasibility Report | C8: PM | D8: 46092 | E8: 46094
A10: 4 | B10: DB Lab Check-In | C10: DB | D10: 46094 | E10: 46094
A12: 5 | B12: Group Meeting (Week 9) | C12: Group | D12: 46094 | E12: 46094
A14: 6 | B14: Feasibility Report (SUBMITTAL DEADLINE) | C14: Group | D14: 46096 | E14: 46096
A16: 7 | B16: Spring Break | C16: Group | D16: 46097 | E16: 46103
A18: 8 | B18: API and Front-End Setup | C18: API / FE | D18: 46104 | E18: 46108 | F18: . | G18: . | H18: . | I18: . | J18: .
A20: 9 | B20: Group Internal Check-In (Phone Call) | C20: Group | D20: 46105 | E20: 46105 | G20: .
A22: 10 | B22: Professor's In-Class Check-In | C22: Group | D22: 46108 | E22: 46108 | J22: .
A24: 11 | B24: API and Front-End Lab Check-In | C24: API / FE | D24: 46108 | E24: 46108 | J24: .
A26: 12 | B26: Group Meeting (Week 11) | C26: Group | D26: 46108 | E26: 46108 | J26: .
A28: 13 | B28: 95% Web App Development (API and Front-End) | C28: API / FE | D28: 46109 | E28: 46115 | K28: . | L28: . | M28: . | N28: . | O28: . | P28: . | Q28: .
A30: 14 | B30: Mobile App Setup | C30: Mobile | D30: 46109 | E30: 46115 | K30: . | L30: . | M30: . | N30: . | O30: . | P30: . | Q30: .
A32: 15 | B32: Group Internal Check-In (Phone Call) | C32: Group | D32: 46112 | E32: 46112 | N32: .
A34: 16 | B34: Mobile App Lab Check-In | C34: Mobile | D34: 46115 | E34: 46115 | Q34: .
A36: 17 | B36: 95% Web App Completion (Target Internal Deadline) | C36: API / FE | D36: 46115 | E36: 46115 | Q36: .
A38: 18 | B38: Group Meeting (Week 12) / 95% Web App Demo | C38: Group | D38: 46115 | E38: 46115 | Q38: .
A40: 19 | B40: 100% Web App Development (Front-End) | C40: FE | D40: 46116 | E40: 46124 | R40: . | S40: . | T40: . | U40: . | V40: . | W40: . | X40: . | Y40: . | Z40: .
A42: 20 | B42: 100% Web App Completion (Target Internal Deadline) | C42: FE | D42: 46125 | E42: 46125 | AA42: .
A44: 21 | B44: 95% Mobile App Development | C44: Mobile | D44: 46116 | E44: 46122 | R44: . | S44: . | T44: . | U44: . | V44: . | W44: . | X44: .
A46: 22 | B46: API Documentation | C46: API | D46: 46116 | E46: 46122 | R46: . | S46: . | T46: . | U46: . | V46: . | W46: . | X46: .
A48: 23 | B48: Group Meeting (Week 13) / 95% Mobile App Demo | C48: Mobile | D48: 46122 | E48: 46122 | X48: .
A50: 24 | B50: Use-Case Diagram and Sequence (or Activity) Diagram | C50: FE | D50: 46123 | E50: 46125 | Y50: . | Z50: . | AA50: .
A52: 25 | B52: ERD | C52: DB | D52: 46123 | E52: 46125 | Y52: . | Z52: . | AA52: .
A54: 26 | B54: Mobile App Class Diagram | C54: Mobile | D54: 46123 | E54: 46125 | Y54: . | Z54: . | AA54: .
A56: 27 | B56: Unit and Integration Test Results | C56: FE / Mobile | D56: 46123 | E56: 46125 | Y56: . | Z56: . | AA56: .
A58: 28 | B58: Prototypes / Wireframe (unclear if both are needed) | C58: API (coord) | D58: 46123 | E58: 46125 | Y58: . | Z58: . | AA58: .
A60: 29 | B60: 100% Mobile App Development | C60: Mobile | D60: 46123 | E60: 46125 | Y60: . | Z60: . | AA60: .
A62: 30 | B62: 100% Mobile App Completion (Target Internal Deadline) | C62: Mobile | D62: 46126 | E62: 46126 | AB62: .
A64: 31 | B64: Gantt Chart | C64: PM | D64: 46126 | E64: 46126 | AB64: .
A66: 32 | B66: Prepare Draft Presentation | C66: PM | D66: 46127 | E66: 46127 | AC66: .
A68: 33 | B68: Group Meeting (Week 14) / Practice Presentation | C68: Group | D68: 46128 | E68: 46128 | AD68: .
A70: 34 | B70: PROFESSOR'S SUBMITTAL DEADLINE | C70: Group | D70: 46128 | E70: 46128 | AD70: .
A72: 35 | B72: Group 7 Presentation Date | C72: Group | D72: 46129 | E72: 46129 | AE72: .
A74: 36 | B74: Group Adjourn | C74: Group | D74: 46129 | E74: 46129 | AE74: .
